<scene>
    <instance name="box" path="models/box"></instance>
    <light>
        <light-ambient>1 1 1</light-ambient>
        <light-diffuse>0.5 0.5 0.5</light-diffuse>
        <light-specular>0.5 0.5 0.5</light-specular>
        <light-position>0 50 220</light-position>
    </light>
    <transform>
        <set>
            <translate>0 0 -50</translate>>
            <scale>100 2 120</scale>
        </set>
        <group name="Floor">
        <object instanceof="box">
            <material>
                <ambient>0.5 0.5 0.5</ambient>
                <diffuse>1 0 0</diffuse>
                <specular>1 0 0</specular>
                <shininess>100</shininess>
            </material>
        </object>
        </group>
    </transform>
</scene>
