<scene>
    <instance name="box" path="models/box"></instance>
	<instance name="cylinder" path="models/cylinder"></instance>
	<instance name="sphere" path="models/sphere"></instance>
	<instance name="cone" path="models/cone"></instance>
    <group name="table">
    <tabletop>
	<transform>
        <set>
            <translate>100 10 -50</translate>>
            <scale>33 2 33</scale>
        </set>
        <object instanceof="box">
            <material>
                <ambient>0.5 0.5 0</ambient>
                <diffuse>1 0 0</diffuse>
                <specular>1 0 0</specular>
                <shininess>100</shininess>
            </material>
        </object>
    </transform>
	</tabletop>
	<leg1>
	<transform>
        <set>
            <translate>90 0 -40</translate>>
            <scale>3 11 4</scale>
        </set>
        <object instanceof="cylinder">
            <material>
                <ambient>1 1 1</ambient>
                <diffuse>1 0 0</diffuse>
                <specular>1 0 0</specular>
                <shininess>100</shininess>
            </material>
        </object>
    </transform>
	</leg1>
	<leg2>
	<transform>
        <set>
            <translate>110 0 -40</translate>>
            <scale>3 11 4</scale>
        </set>
        <object instanceof="cylinder">
            <material>
                <ambient>1 1 1</ambient>
                <diffuse>1 0 0</diffuse>
                <specular>1 0 0</specular>
                <shininess>100</shininess>
            </material>
        </object>
    </transform>
	</leg2>
	<leg3>
	<transform>
        <set>
            <translate>90 0 -50</translate>>
            <scale>3 11 4</scale>
        </set>
        <object instanceof="cylinder">
            <material>
                <ambient>1 1 1</ambient>
                <diffuse>1 0 0</diffuse>
                <specular>1 0 0</specular>
                <shininess>100</shininess>
            </material>
        </object>
    </transform>
	</leg3>
	<leg4>
	<transform>
        <set>
            <translate>110 0 -50</translate>>
            <scale>3 11 4</scale>
        </set>
        <object instanceof="cylinder">
            <material>
                <ambient>1 1 1</ambient>
                <diffuse>1 0 0</diffuse>
                <specular>1 0 0</specular>
                <shininess>100</shininess>
            </material>
        </object>
    </transform>
	</leg4>
    </group>
</scene>
